{
  "adsorbate": "NH3",
  "mass_amu": 17.031,
  "moment_of_inertia_amu_A2": 17.998124766544194,
  "W_x_eV": 0.0,
  "W_r_eV": 0.0,
  "n_minima": 3,
  "symmetry_number": 3,
  "rotor_asymmetric": false,
  "is_free_rotor": false,
  "q_trans_300K": 54.0,
  "q_rot_300K": 8.815216132908093,
  "site_type": "ontop",
  "adsorption_energy_eV": -0.5988349914550426,
  "vibrational_energies_eV": [
    0.007976584150883845,
    0.014041354505004492,
    0.014871548127986496,
    0.040139540192302134,
    0.07999012809925758,
    0.0801349262076679,
    0.13904755353185327,
    0.19307174368718524,
    0.1931374171568859,
    0.4091646540202354,
    0.4247724256880716,
    0.4249910444579909
  ],
  "n_imaginary_frequencies": 0,
  "num_sites": 54
}