{
  "adsorbate": "CO",
  "mass_amu": 28.009999999999998,
  "moment_of_inertia_amu_A2": 1.2501837288648439e-29,
  "W_x_eV": 32.20075469933313,
  "W_r_eV": 0.0,
  "n_minima": 1,
  "symmetry_number": 1,
  "rotor_asymmetric": false,
  "is_free_rotor": true,
  "q_trans_300K": 0.0,
  "q_rot_300K": 2.204080801400081e-14,
  "site_type": "fcc",
  "adsorption_energy_eV": -1.4711244106292831,
  "vibrational_energies_eV": [
    0.017891895429464007,
    0.01789197712474623,
    0.035860535529960595,
    0.035860662888641634,
    0.03872853932009476,
    0.21174417848982977
  ],
  "n_imaginary_frequencies": 0,
  "num_sites": 54
}