{
  "CO": {
    "T": [
      50,
      75,
      100,
      125,
      150,
      175,
      200,
      225,
      250,
      275,
      300,
      325,
      350,
      375,
      400,
      425,
      450,
      475,
      500,
      525,
      550,
      575,
      600,
      625,
      650,
      675,
      700,
      725,
      750,
      775,
      800,
      825,
      850,
      875,
      900,
      925,
      950,
      975,
      1000
    ],
    "q_trans": [
      54.0,
      54.0,
      54.0,
      54.0,
      54.0,
      54.0,
      54.0,
      54.0,
      54.0,
      54.0,
      54.0,
      54.0,
      54.0,
      54.0,
      54.0,
      54.0,
      54.0,
      54.0,
      54.0,
      54.0,
      54.0,
      54.0,
      54.0,
      54.0,
      54.0,
      54.0,
      54.0,
      54.0,
      54.0,
      54.0,
      54.0,
      54.0,
      54.0,
      54.0,
      54.0,
      54.0,
      54.0,
      54.0,
      54.0
    ],
    "q_rot": [
      6.112191180844329e-15,
      7.485874801703993e-15,
      8.643943663767275e-15,
      9.664222812931104e-15,
      1.058662567079679e-14,
      1.1434862640590362e-14,
      1.2224382361688658e-14,
      1.296591549565091e-14,
      1.3667274971842629e-14,
      1.433435892084301e-14,
      1.4971749603407985e-14,
      1.558309105096748e-14,
      1.6171337830196312e-14,
      1.6738924927662885e-14,
      1.728788732753455e-14,
      1.7819946373800488e-14,
      1.8336573542532987e-14,
      1.8839038452010134e-14,
      1.932844562586221e-14,
      1.9805763071073722e-14,
      2.027184479377995e-14,
      2.0727448754217166e-14,
      2.117325134159358e-14,
      2.1609859159418183e-14,
      2.2037818707973015e-14,
      2.2457624405111978e-14,
      2.2869725281180723e-14,
      2.3274530606486402e-14,
      2.3672414652245932e-14,
      2.40637207427169e-14,
      2.4448764723377316e-14,
      2.4827837944828275e-14,
      2.5201209842589905e-14,
      2.5569130177732795e-14,
      2.593183099130182e-14,
      2.628952831598614e-14,
      2.6642423680900967e-14,
      2.6990705439247568e-14,
      2.7334549943685258e-14
    ],
    "f_trans": [
      1.0,
      1.0,
      1.0,
      1.0,
      1.0,
      1.0,
      1.0,
      1.0,
      1.0,
      1.0,
      1.0,
      1.0,
      1.0,
      1.0,
      1.0,
      1.0,
      1.0,
      1.0,
      1.0,
      1.0,
      1.0,
      1.0,
      1.0,
      1.0,
      1.0,
      1.0,
      1.0,
      1.0,
      1.0,
      1.0,
      1.0,
      1.0,
      1.0,
      1.0,
      1.0,
      1.0,
      1.0,
      1.0,
      1.0
    ],
    "f_rot": [
      1.0,
      1.0,
      1.0,
      1.0,
      1.0,
      1.0,
      1.0,
      1.0,
      1.0,
      1.0,
      1.0,
      1.0,
      1.0,
      1.0,
      1.0,
      1.0,
      1.0,
      1.0,
      1.0,
      1.0,
      1.0,
      1.0,
      1.0,
      1.0,
      1.0,
      1.0,
      1.0,
      1.0,
      1.0,
      1.0,
      1.0,
      1.0,
      1.0,
      1.0,
      1.0,
      1.0,
      1.0,
      1.0,
      1.0
    ]
  },
  "NH3": {
    "T": [
      50,
      75,
      100,
      125,
      150,
      175,
      200,
      225,
      250,
      275,
      300,
      325,
      350,
      375,
      400,
      425,
      450,
      475,
      500,
      525,
      550,
      575,
      600,
      625,
      650,
      675,
      700,
      725,
      750,
      775,
      800,
      825,
      850,
      875,
      900,
      925,
      950,
      975,
      1000
    ],
    "q_trans": [
      54.0,
      54.0,
      54.0,
      54.0,
      54.0,
      54.0,
      54.0,
      54.0,
      54.0,
      54.0,
      54.0,
      54.0,
      54.0,
      54.0,
      54.0,
      54.0,
      54.0,
      54.0,
      54.0,
      54.0,
      54.0,
      54.0,
      54.0,
      54.0,
      54.0,
      54.0,
      54.0,
      54.0,
      54.0,
      54.0,
      54.0,
      54.0,
      54.0,
      54.0,
      54.0,
      54.0,
      54.0,
      54.0,
      54.0
    ],
    "q_rot": [
      3.5987969163291944,
      4.4076080664540465,
      5.089467407299219,
      5.690197545995332,
      6.233299105204367,
      6.732732532741206,
      7.197593832658389,
      7.634201110948829,
      8.047154542128702,
      8.439926886377206,
      8.815216132908093,
      9.17516785091005,
      9.521521659633173,
      9.855711254767659,
      10.178934814598438,
      10.492205849216571,
      10.796390748987582,
      11.09223705243063,
      11.380395091990664,
      11.661434820479657,
      11.935859068151974,
      12.204114114399124,
      12.466598210408733,
      12.723668518248045,
      12.975646811806598,
      13.222824199362137,
      13.465465065482412,
      13.703810384422923,
      13.938080523325578,
      14.16847762807275,
      14.395187665316778,
      14.61838217937192,
      14.83821981117239,
      15.054847617533664,
      15.268402221897658,
      15.479010822146858,
      15.68679207660476,
      15.891856885748755,
      16.094309084257404
    ],
    "f_trans": [
      1.0,
      1.0,
      1.0,
      1.0,
      1.0,
      1.0,
      1.0,
      1.0,
      1.0,
      1.0,
      1.0,
      1.0,
      1.0,
      1.0,
      1.0,
      1.0,
      1.0,
      1.0,
      1.0,
      1.0,
      1.0,
      1.0,
      1.0,
      1.0,
      1.0,
      1.0,
      1.0,
      1.0,
      1.0,
      1.0,
      1.0,
      1.0,
      1.0,
      1.0,
      1.0,
      1.0,
      1.0,
      1.0,
      1.0
    ],
    "f_rot": [
      1.0,
      1.0,
      1.0,
      1.0,
      1.0,
      1.0,
      1.0,
      1.0,
      1.0,
      1.0,
      1.0,
      1.0,
      1.0,
      1.0,
      1.0,
      1.0,
      1.0,
      1.0,
      1.0,
      1.0,
      1.0,
      1.0,
      1.0,
      1.0,
      1.0,
      1.0,
      1.0,
      1.0,
      1.0,
      1.0,
      1.0,
      1.0,
      1.0,
      1.0,
      1.0,
      1.0,
      1.0,
      1.0,
      1.0
    ]
  }
}