{
  "CO": {
    "T": [
      50,
      75,
      100,
      125,
      150,
      175,
      200,
      225,
      250,
      275,
      300,
      325,
      350,
      375,
      400,
      425,
      450,
      475,
      500,
      525,
      550,
      575,
      600,
      625,
      650,
      675,
      700,
      725,
      750,
      775,
      800,
      825,
      850,
      875,
      900,
      925,
      950,
      975,
      1000
    ],
    "q_trans": [
      0.0,
      0.0,
      0.0,
      0.0,
      0.0,
      0.0,
      0.0,
      0.0,
      0.0,
      0.0,
      0.0,
      0.0,
      0.0,
      0.0,
      0.0,
      0.0,
      0.0,
      0.0,
      0.0,
      4.7168524498605785e-287,
      3.5699086064215906e-273,
      1.6470002262912545e-260,
      6.576526543661566e-249,
      3.0507837523497852e-238,
      2.1090595972088308e-228,
      2.6861789960253694e-219,
      7.559253411249603e-211,
      5.497268933243344e-203,
      1.1832633398503574e-195,
      8.484123200266743e-189,
      2.2471001390606625e-182,
      2.407549335322581e-176,
      1.1304824815031006e-170,
      2.497485170662639e-165,
      2.7648843094554367e-160,
      1.6225739735930383e-155,
      5.307974198924612e-151,
      1.0126244416997627e-146,
      1.1732703216088203e-142
    ],
    "q_rot": [
      8.998122192158043e-15,
      1.1020404007000405e-14,
      1.272526644004023e-14,
      1.4227280395863352e-14,
      1.5585204809530776e-14,
      1.6833945183691338e-14,
      1.7996244384316085e-14,
      1.9087899660060342e-14,
      2.0120412891514812e-14,
      2.1102467069457518e-14,
      2.204080801400081e-14,
      2.2940800321753075e-14,
      2.3806793587021532e-14,
      2.464237249916398e-14,
      2.545053288008046e-14,
      2.623380882320675e-14,
      2.699436657647413e-14,
      2.7734075220882474e-14,
      2.8454560791726705e-14,
      2.9157248349982794e-14,
      2.984339512915844e-14,
      3.0514116967849177e-14,
      3.117040961906155e-14,
      3.181316610010057e-14,
      3.244319094671626e-14,
      3.306121202100122e-14,
      3.3667890367382676e-14,
      3.426382849715721e-14,
      3.4849577397367475e-14,
      3.5425642496186425e-14,
      3.599248876863217e-14,
      3.6550545129349525e-14,
      3.7100208230481946e-14,
      3.764184576023901e-14,
      3.8175799320120683e-14,
      3.8702386944769066e-14,
      3.922190531724758e-14,
      3.973463172356877e-14,
      4.0240825783029624e-14
    ],
    "f_trans": [
      0.0,
      0.0,
      0.0,
      0.0,
      0.0,
      0.0,
      0.0,
      0.0,
      0.0,
      0.0,
      0.0,
      0.0,
      0.0,
      0.0,
      0.0,
      0.0,
      0.0,
      0.0,
      0.0,
      3.8034421240307785e-288,
      2.562188110313778e-274,
      1.0595774281284712e-261,
      3.816145304196214e-250,
      1.6056017793818793e-239,
      1.0117470404731605e-229,
      1.1798306363125196e-220,
      3.0522950647327257e-212,
      2.0481404778427877e-204,
      4.081530973050357e-197,
      2.717816198491567e-190,
      6.704133897272174e-184,
      6.707239238469381e-178,
      2.9480714131091406e-172,
      6.110332744074701e-167,
      6.359774006565699e-162,
      3.5158190480661585e-157,
      1.0854454442424645e-152,
      1.9576507199313056e-148,
      2.1478202974425103e-144
    ],
    "f_rot": [
      1.0,
      1.0,
      1.0,
      1.0,
      1.0,
      1.0,
      1.0,
      1.0,
      1.0,
      1.0,
      1.0,
      1.0,
      1.0,
      1.0,
      1.0,
      1.0,
      1.0,
      1.0,
      1.0,
      1.0,
      1.0,
      1.0,
      1.0,
      1.0,
      1.0,
      1.0,
      1.0,
      1.0,
      1.0,
      1.0,
      1.0,
      1.0,
      1.0,
      1.0,
      1.0,
      1.0,
      1.0,
      1.0,
      1.0
    ]
  },
  "NH3": {
    "T": [
      50,
      75,
      100,
      125,
      150,
      175,
      200,
      225,
      250,
      275,
      300,
      325,
      350,
      375,
      400,
      425,
      450,
      475,
      500,
      525,
      550,
      575,
      600,
      625,
      650,
      675,
      700,
      725,
      750,
      775,
      800,
      825,
      850,
      875,
      900,
      925,
      950,
      975,
      1000
    ],
    "q_trans": [
      550.1812635662421,
      1257.3849388808053,
      2088.809209648622,
      2988.639004967638,
      3929.5985981830268,
      4897.074707148712,
      5882.5993354000175,
      6880.946297456496,
      7888.722235516348,
      8903.630644903229,
      9924.063032977474,
      10948.859791914343,
      11977.1641134983,
      13008.329367407092,
      14041.85846633762,
      15077.363050116517,
      16114.535330937053,
      17153.128247852423,
      18192.94120637731,
      19233.8096531333,
      20275.597334821614,
      21318.190468900546,
      22361.493297289457,
      23405.42465506243,
      24449.915293864196,
      25494.905773317143,
      26540.344784668287,
      27586.187806756672,
      28632.396019932745,
      29678.935421979477,
      30725.776103536882,
      31772.891650446134,
      32820.25864781805,
      33867.85626619391,
      34915.66591436489,
      35963.67094666727,
      37011.85641502429,
      38060.20885796404,
      39108.716120332574
    ],
    "q_rot": [
      1.2039683121714988,
      1.4727695381380672,
      1.6995778133757942,
      1.8994949489846438,
      2.080288014158931,
      2.246578702001164,
      2.401381645603562,
      2.5467924831343542,
      2.68433795133604,
      2.8151711535921304,
      2.9401882741931047,
      3.060102222206023,
      3.175491171350759,
      3.2868317245279997,
      3.394522267052535,
      3.4988998388730432,
      3.6002525972605284,
      3.6988292016662943,
      3.794846001738471,
      3.8884926261213875,
      3.9799363865320334,
      4.069325790324815,
      4.156793372672681,
      4.242458002823635,
      4.326426779090638,
      4.408796598813994,
      4.489655468935164,
      4.569083607724299,
      4.647154376946195,
      4.723935075306728,
      4.799487617617155,
      4.873869119159781,
      4.947132400952355,
      5.019326428613899,
      5.090496695193511,
      5.160685556467765,
      5.229932525730959,
      5.298274533893095,
      5.365746159763312
    ],
    "f_trans": [
      1.2217198723535014,
      1.234149396275795,
      1.1510278148546362,
      1.0530619040709748,
      0.9610724287675951,
      0.8796794209106752,
      0.8088926259010412,
      0.7474951358294127,
      0.6940832624762447,
      0.6473763709285231,
      0.606288615010871,
      0.5699239720603066,
      0.5375497374604908,
      0.5085672961889921,
      0.4824860912024311,
      0.4589021110350666,
      0.43748065945151626,
      0.4179427317209963,
      0.40005428521466696,
      0.38361778325989054,
      0.36846550862409694,
      0.35445425138081726,
      0.3414610656027417,
      0.32937986009116726,
      0.3181186429225378,
      0.3075972812325038,
      0.29774566930436225,
      0.28850222207675297,
      0.279812629498921,
      0.27162882115780984,
      0.2639081013447943,
      0.25661242301735027,
      0.24970777553706236,
      0.2431636660746886,
      0.23695267849879434,
      0.2310500966574351,
      0.22543358141194897,
      0.2200828927318546,
      0.21497964971981223
    ],