{
  "CO": {
    "T": [
      50,
      75,
      100,
      125,
      150,
      175,
      200,
      225,
      250,
      275,
      300,
      325,
      350,
      375,
      400,
      425,
      450,
      475,
      500,
      525,
      550,
      575,
      600,
      625,
      650,
      675,
      700,
      725,
      750,
      775,
      800,
      825,
      850,
      875,
      900,
      925,
      950,
      975,
      1000
    ],
    "q_trans": [
      0.7480243210683306,
      12.982580451114085,
      60.8062551486902,
      166.54659434943028,
      344.66654993693925,
      602.8878620699887,
      944.1648623704492,
      1368.2331661745088,
      1872.7396989273686,
      2454.055629985529,
      3107.84845867047,
      3829.4728860454657,
      4614.2289120257665,
      5457.525439749298,
      6354.978382959887,
      7302.464442128607,
      8296.145568111697,
      9332.474544533881,
      10408.188811770777,
      11520.2973247398,
      12666.06362137979,
      13842.987172529256,
      15048.7843337176,
      16281.369715086803,
      17538.838449822644,
      18819.449620312884,
      20121.610957749705,
      21443.864839703438,
      22784.875554040944,
      24143.4177646848,
      25518.36609714694,
      26908.6857541375,
      28313.424070207187,
      29731.702916918017,
      31162.711874814504,
      32605.702094436452,
      34059.9807750866,
      35524.906196583725,
      36999.88324555894
    ],
    "q_rot": [
      6.9437038942993145e-15,
      8.504265733004888e-15,
      9.819880220420967e-15,
      1.0978959851883448e-14,
      1.2026847937640285e-14,
      1.2990480483838006e-14,
      1.3887407788598629e-14,
      1.4729820330631448e-14,
      1.552659392328328e-14,
      1.6284429088684414e-14,
      1.7008531466009777e-14,
      1.7703040826821206e-14,
      1.8371313681986713e-14,
      1.901611627772101e-14,
      1.9639760440841933e-14,
      2.0244201689854638e-14,
      2.0831111682897944e-14,
      2.1401932759244456e-14,
      2.1957919703766897e-14,
      2.2500172212739355e-14,
      2.3029660472720438e-14,
      2.3547245558124965e-14,
      2.405369587528057e-14,
      2.4549700551052415e-14,
      2.5035880432535158e-14,
      2.5512797199014667e-14,
      2.5980960967676012e-14,
      2.64408366866436e-14,
      2.6892849543616827e-14,
      2.733738956925964e-14,
      2.7774815577197258e-14,
      2.8205458553853954e-14,
      2.862962458920876e-14,
      2.904759742224614e-14,
      2.9459640661262897e-14,
      2.986599972839664e-14,
      3.026690356912054e-14,
      3.0662566160520475e-14,
      3.105318784656656e-14
    ],
    "f_trans": [
      0.009347123852112203,
      0.07001201438161787,
      0.18255585108547592,
      0.31848094331123983,
      0.4565136300798135,
      0.5857544249590813,
      0.7016171921673533,
      0.8027935107729834,
      0.8895881383572217,
      0.9630523339017292,
      1.0245330077010013,
      1.0754389685866934,
      1.1171231390773675,
      1.1508277576924415,
      1.1776638457615527,
      1.1986089741849482,
      1.214514345204951,
      1.2261161325937386,
      1.2340482728704834,
      1.2388551975639872,
      1.2410037439940291,
      1.2408939082625277,
      1.2388683418993434,
      1.23522062095665,
      1.2302023795143426,
      1.2240294259969235,
      1.2168869666921056,
      1.2089340560066648,
      1.200307382897226,
      1.1911244907765357,
      1.1814865157930619,
      1.1714805166407247,
      1.1611814584097446,
      1.15065390359052,
      1.139953455187431,
      1.1291279899060496,
      1.1182187134277923,
      1.107261064752216,
      1.0962854923435517
    ],
    "f_rot": [
      1.0,
      1.0,
      1.0,
      1.0,
      1.0,
      1.0,
      1.0,
      1.0,
      1.0,
      1.0,
      1.0,
      1.0,
      1.0,
      1.0,
      1.0,
      1.0,
      1.0,
      1.0,
      1.0,
      1.0,
      1.0,
      1.0,
      1.0,
      1.0,
      1.0,
      1.0,
      1.0,
      1.0,
      1.0,
      1.0,
      1.0,
      1.0,
      1.0,
      1.0,
      1.0,
      1.0,
      1.0,
      1.0,
      1.0
    ]
  },
  "NH3": {
    "T": [
      50,
      75,
      100,
      125,
      150,
      175,
      200,
      225,
      250,
      275,
      300,
      325,
      350,
      375,
      400,
      425,
      450,
      475,
      500,
      525,
      550,
      575,
      600,
      625,
      650,
      675,
      700,
      725,
      750,
      775,
      800,
      825,
      850,
      875,
      900,
      925,
      950,
      975,
      1000
    ],
    "q_trans": [
      1.196161225053366e-45,
      2.4113375082371574e-27,
      1.5412980407471158e-18,
      1.8891857940061924e-13,
      3.513278848125813e-10,
      6.286842182000848e-08,
      2.6927643292432932e-06,
      4.549773818934992e-05,
      0.00040762630872305885,
      0.0023314227102131826,
      0.009615944807183054,
      0.031074102891809872,
      0.08338347650050959,
      0.19370559375955437,
      0.4016356080364974,
      0.7603384055529654,
      1.3369355704271602,
      2.2122895852711526,
      3.4803329668232097,
      5.247063672233342,
      7.629302891470537,
      10.753294707445857,
      14.753216636556617,
      19.769661674352026,
      25.948143664732314,
      33.43766795233367,
      42.389398850189586,
      52.95544530079122,
      65.28777696961967,
      79.53727534756486,
      95.85291842719371,
      114.38109311415836,
      135.26502656131535,
      158.64432582827075,
      184.65461441896315,
      213.42725409767775,
      245.0891407251914,
      279.7625635247483,
      317.56511805197476
    ],
    "q_rot": [
      1.0835613354346336,
      1.372549173892973,
      1.6119391167518653,
      1.8206493551072764,
      2.008030607489006,
      2.179494182084716,
      2.3384980218573257,
      2.4874083062688728,
      2.6279274448178476,
      2.761328223776084,
      2.888591550125804,
      3.0104922144986603,
      3.1276547824980887,
      3.2405914117379067,
      3.349728256420145,
      3.4554244026369396,
      3.5579857631194165,
      3.657675479224166,
      3.754721846121798,
      3.8493244455396822,
      3.941658957688824,
      4.031880984078801,
      4.120129118798099,
      4.206527441234625,
      4.2911875580601455,
      4.3742102902230995,
      4.455687077556307,
      4.5357011566889875,
      4.614328555424186,
      4.691638937357708,
      4.767696323407853,
      4.842559711489065,
      4.916283611366333,
      4.988918508458782,
      5.0605112677967155,
      5.131105487305338,
      5.200741807973146,
      5.269458187165338,
      5.337290140296191
    ],
    "f_trans": [
      5.6416642733511184e-46,
      3.2177061241496514e-28,
      9.785907881484565e-20,
      7.091128820496852e-15,
      8.766973348997817e-12,
      1.1224738375798847e-09,
      3.617945364247233e-08,
      4.773031109663784e-07,
      3.434452268953267e-06,
      1.6132200739199793e-05,
      5.5642057774911666e-05,
      0.0001526378324756742,
      0.00035211556987495724,
      0.0007108541391607394,
      0.0012928888625070591,
      0.0021645705573844704,
      0.0033902839745146686,
      0.005029261309719897,
      0.007133493028646831,
      0.009746547346982092,
      0.012903074215832781,
      0.01662880067215661,
      0.020940869459040824,
      0.025848410998751774,
      0.031353266270788396,
      0.03745079728440397,
      0.04413073584793661,
      0.051378032474374224,
      0.05917367668169481,
      0.06749546808693825,
      0.0763187246525845,
      0.08561692022228079,
      0.09536224809809657,
      0.10552611093435336,
      0.11607953977260409,
      0.12699354676578814,
      0.13823941719252442,
      0.1497889468936458,
      0.16161463140499194
    ],