{
  "CO": {
    "adsorbate": "CO",
    "mass_amu": 28.009999999999998,
    "moment_of_inertia_amu_A2": 1.2501837288648439e-29,
    "W_x_eV": 32.20075469933313,
    "W_r_eV": 0.0,
    "n_minima": 1,
    "symmetry_number": 1,
    "rotor_asymmetric": false,
    "is_free_rotor": true,
    "q_trans_300K": 0.0,
    "q_rot_300K": 2.204080801400081e-14,
    "site_type": "fcc",
    "adsorption_energy_eV": -1.4711244106292831,
    "vibrational_energies_eV": [
      0.017891895429464007,
      0.01789197712474623,
      0.035860535529960595,
      0.035860662888641634,
      0.03872853932009476,
      0.21174417848982977
    ],
    "n_imaginary_frequencies": 0,
    "num_sites": 54
  },
  "NH3": {
    "adsorbate": "NH3",
    "mass_amu": 17.031,
    "moment_of_inertia_amu_A2": 17.998124766544194,
    "W_x_eV": 0.0063419342041015625,
    "W_r_eV": 1.9073486328125e-06,
    "n_minima": 3,
    "symmetry_number": 3,
    "rotor_asymmetric": false,
    "is_free_rotor": false,
    "q_trans_300K": 9924.063032977474,
    "q_rot_300K": 2.9401882741931047,
    "site_type": "ontop",
    "adsorption_energy_eV": -0.5988578796386363,
    "vibrational_energies_eV": [
      0.008830278568048846,
      0.014036431329492454,
      0.015230879748934919,
      0.04025092690099157,
      0.08007613639177162,
      0.08033999461254428,
      0.13910749642752285,
      0.19305898078108205,
      0.19321867608901624,
      0.4090523137452314,
      0.42463438242149076,
      0.424881888247619
    ],
    "n_imaginary_frequencies": 0,
    "num_sites": 54
  }
}