{
  "CO": {
    "adsorbate": "CO",
    "mass_amu": 28.009999999999998,
    "moment_of_inertia_amu_A2": 7.444790046210053e-30,
    "W_x_eV": 0.056214332580566406,
    "W_r_eV": 0.0,
    "n_minima": 1,
    "symmetry_number": 1,
    "rotor_asymmetric": false,
    "is_free_rotor": true,
    "q_trans_300K": 3107.84845867047,
    "q_rot_300K": 1.7008531466009777e-14,
    "site_type": "fcc",
    "adsorption_energy_eV": -1.4711225032806503,
    "vibrational_energies_eV": [
      0.01789207517592134,
      0.017892339446694203,
      0.03586155005012486,
      0.035861888914950645,
      0.03872836807956113,
      0.2117426943312404
    ],
    "n_imaginary_frequencies": 0,
    "num_sites": 54
  },
  "NH3": {
    "adsorbate": "NH3",
    "mass_amu": 17.031,
    "moment_of_inertia_amu_A2": 17.998125081073773,
    "W_x_eV": 0.5858203725785651,
    "W_r_eV": 0.0010013580322265625,
    "n_minima": 3,
    "symmetry_number": 3,
    "rotor_asymmetric": false,
    "is_free_rotor": false,
    "q_trans_300K": 0.009615944807183054,
    "q_rot_300K": 2.888591550125804,
    "site_type": "ontop",
    "adsorption_energy_eV": -0.5988349914550426,
    "vibrational_energies_eV": [
      0.00797511971352184,
      0.014041339640786103,
      0.014871477431492735,
      0.040139491152271285,
      0.0799900340919854,
      0.08013514357841676,
      0.13904756815166808,
      0.19307168468072863,
      0.19313783954901576,
      0.4091646867245138,
      0.42477242139101423,
      0.4249909886607121
    ],
    "n_imaginary_frequencies": 0,
    "num_sites": 54
  }
}